1.920000000000000000e+02,8.999999845400452614e-04,0.000000000000000000e+00,1.000000000000000000e+02,5.186699829101562500e+02,6.435399780273437500e+02,1.601410034179687500e+03,1.427199951171875000e+03,1.461999988555908203e+01,2.161000061035156250e+01,5.512500000000000000e+02,2.388320068359375000e+03,9.033219726562500000e+03,1.299999952316284180e+00,4.825000000000000000e+01,5.200800170898437500e+02,2.388320068359375000e+03,8.110930175781250000e+03,8.511300086975097656e+00,2.999999932944774628e-02,3.960000000000000000e+02,2.388000000000000000e+03,1.000000000000000000e+02,3.847999954223632812e+01,2.296489906311035156e+01
2.870000000000000000e+02,-5.000000237487256527e-04,6.000000284984707832e-04,1.000000000000000000e+02,5.186699829101562500e+02,6.438499755859375000e+02,1.608500000000000000e+03,1.430839965820312500e+03,1.461999988555908203e+01,2.161000061035156250e+01,5.516599731445312500e+02,2.388199951171875000e+03,9.109360351562500000e+03,1.299999952316284180e+00,4.811999893188476562e+01,5.198099975585937500e+02,2.388209960937500000e+03,8.175569824218750000e+03,8.536499977111816406e+00,2.999999932944774628e-02,3.980000000000000000e+02,2.388000000000000000e+03,1.000000000000000000e+02,3.843000030517578125e+01,2.308480072021484375e+01
1.790000000000000000e+02,1.200000056996941566e-03,0.000000000000000000e+00,1.000000000000000000e+02,5.186699829101562500e+02,6.435100097656250000e+02,1.604800048828125000e+03,1.428229980468750000e+03,1.461999988555908203e+01,2.161000061035156250e+01,5.519099731445312500e+02,2.388139892578125000e+03,9.197519531250000000e+03,1.299999952316284180e+00,4.809000015258789062e+01,5.195300292968750000e+02,2.388199951171875000e+03,8.255339843750000000e+03,8.505599975585937500e+00,2.999999932944774628e-02,3.980000000000000000e+02,2.388000000000000000e+03,1.000000000000000000e+02,3.840000152587890625e+01,2.295619964599609375e+01
1.890000000000000000e+02,-2.400000113993883133e-03,-1.999999949475750327e-04,1.000000000000000000e+02,5.186699829101562500e+02,6.445300292968750000e+02,1.612109985351562500e+03,1.432550048828125000e+03,1.461999988555908203e+01,2.161000061035156250e+01,5.519299926757812500e+02,2.388129882812500000e+03,9.198320312500000000e+03,1.299999952316284180e+00,4.815000152587890625e+01,5.198400268554687500e+02,2.388159912109375000e+03,8.259419921875000000e+03,8.524600028991699219e+00,2.999999932944774628e-02,3.980000000000000000e+02,2.388000000000000000e+03,1.000000000000000000e+02,3.843999862670898438e+01,2.310059928894042969e+01
2.690000000000000000e+02,2.199999988079071045e-03,3.000000142492353916e-04,1.000000000000000000e+02,5.186699829101562500e+02,6.434600219726562500e+02,1.597280029296875000e+03,1.430739990234375000e+03,1.461999988555908203e+01,2.161000061035156250e+01,5.507700195312500000e+02,2.388179931640625000e+03,9.157049804687500000e+03,1.299999952316284180e+00,4.825999832153320312e+01,5.198599853515625000e+02,2.388159912109375000e+03,8.212750000000000000e+03,8.520899772644042969e+00,2.999999932944774628e-02,3.970000000000000000e+02,2.388000000000000000e+03,1.000000000000000000e+02,3.845000076293945312e+01,2.302960014343261719e+01
1.880000000000000000e+02,1.399999950081110001e-03,-3.999999898951500654e-04,1.000000000000000000e+02,5.186699829101562500e+02,6.434699707031250000e+02,1.600630004882812500e+03,1.434920043945312500e+03,1.461999988555908203e+01,2.161000061035156250e+01,5.507000122070312500e+02,2.388340087890625000e+03,9.027959960937500000e+03,1.299999952316284180e+00,4.820999908447265625e+01,5.189799804687500000e+02,2.388340087890625000e+03,8.102819824218750000e+03,8.535799980163574219e+00,2.999999932944774628e-02,3.970000000000000000e+02,2.388000000000000000e+03,1.000000000000000000e+02,3.841999816894531250e+01,2.295770072937011719e+01
2.590000000000000000e+02,4.300000146031379700e-03,-9.999999747378751636e-05,1.000000000000000000e+02,5.186699829101562500e+02,6.441500244140625000e+02,1.599329956054687500e+03,1.435040039062500000e+03,1.461999988555908203e+01,2.161000061035156250e+01,5.519699707031250000e+02,2.388189941406250000e+03,9.075940429687500000e+03,1.299999952316284180e+00,4.797000122070312500e+01,5.190999755859375000e+02,2.388239990234375000e+03,8.145750000000000000e+03,8.516200065612792969e+00,2.999999932944774628e-02,3.960000000000000000e+02,2.388000000000000000e+03,1.000000000000000000e+02,3.845999908447265625e+01,2.305960083007812500e+01
1.500000000000000000e+02,2.600000007078051567e-03,-3.000000142492353916e-04,1.000000000000000000e+02,5.186699829101562500e+02,6.438699951171875000e+02,1.602839965820312500e+03,1.432310058593750000e+03,1.461999988555908203e+01,2.161000061035156250e+01,5.510800170898437500e+02,2.388270019531250000e+03,9.046160156250000000e+03,1.299999952316284180e+00,4.824000167846679688e+01,5.195700073242187500e+02,2.388260009765625000e+03,8.121270019531250000e+03,8.550900459289550781e+00,2.999999932944774628e-02,3.940000000000000000e+02,2.388000000000000000e+03,1.000000000000000000e+02,3.824000167846679688e+01,2.305100059509277344e+01
2.010000000000000000e+02,-1.599999959580600262e-03,3.999999898951500654e-04,1.000000000000000000e+02,5.186699829101562500e+02,6.440399780273437500e+02,1.595359985351562500e+03,1.428430053710937500e+03,1.461999988555908203e+01,2.161000061035156250e+01,5.522999877929687500e+02,2.388500000000000000e+03,9.239759765625000000e+03,1.299999952316284180e+00,4.811000061035156250e+01,5.202800292968750000e+02,2.388560058593750000e+03,8.289629882812500000e+03,8.515600204467773438e+00,2.999999932944774628e-02,3.990000000000000000e+02,2.388000000000000000e+03,1.000000000000000000e+02,3.845000076293945312e+01,2.302840042114257812e+01
2.220000000000000000e+02,1.999999949475750327e-04,-3.000000142492353916e-04,1.000000000000000000e+02,5.186699829101562500e+02,6.436599731445312500e+02,1.599180053710937500e+03,1.436290039062500000e+03,1.461999988555908203e+01,2.161000061035156250e+01,5.527000122070312500e+02,2.388219970703125000e+03,9.115440429687500000e+03,1.299999952316284180e+00,4.809000015258789062e+01,5.200200195312500000e+02,2.388159912109375000e+03,8.183549804687500000e+03,8.515899658203125000e+00,2.999999932944774628e-02,3.980000000000000000e+02,2.388000000000000000e+03,1.000000000000000000e+02,3.850999832153320312e+01,2.314340019226074219e+01
2.400000000000000000e+02,1.999999949475750327e-04,9.999999747378751636e-05,1.000000000000000000e+02,5.186699829101562500e+02,6.435200195312500000e+02,1.598709960937500000e+03,1.432380004882812500e+03,1.461999988555908203e+01,2.161000061035156250e+01,5.520300292968750000e+02,2.388189941406250000e+03,9.155669921875000000e+03,1.299999952316284180e+00,4.818999862670898438e+01,5.199400024414062500e+02,2.388159912109375000e+03,8.218200195312500000e+03,8.513500213623046875e+00,2.999999932944774628e-02,3.970000000000000000e+02,2.388000000000000000e+03,1.000000000000000000e+02,3.827999877929687500e+01,2.305579948425292969e+01
1.700000000000000000e+02,1.999999949475750327e-04,-9.999999747378751636e-05,1.000000000000000000e+02,5.186699829101562500e+02,6.433099975585937500e+02,1.601760009765625000e+03,1.434939941406250000e+03,1.461999988555908203e+01,2.161000061035156250e+01,5.510999755859375000e+02,2.388320068359375000e+03,9.050400390625000000e+03,1.299999952316284180e+00,4.808000183105468750e+01,5.195499877929687500e+02,2.388290039062500000e+03,8.122870117187500000e+03,8.521300315856933594e+00,2.999999932944774628e-02,3.950000000000000000e+02,2.388000000000000000e+03,1.000000000000000000e+02,3.863999938964843750e+01,2.301020050048828125e+01
1.630000000000000000e+02,-1.999999949475750327e-04,-3.999999898951500654e-04,1.000000000000000000e+02,5.186699829101562500e+02,6.442600097656250000e+02,1.610890014648437500e+03,1.430319946289062500e+03,1.461999988555908203e+01,2.161000061035156250e+01,5.509899902343750000e+02,2.388149902343750000e+03,9.153320312500000000e+03,1.299999952316284180e+00,4.822000122070312500e+01,5.197600097656250000e+02,2.388159912109375000e+03,8.211759765625000000e+03,8.547699928283691406e+00,2.999999932944774628e-02,3.970000000000000000e+02,2.388000000000000000e+03,1.000000000000000000e+02,3.852999877929687500e+01,2.312910079956054688e+01
1.800000000000000000e+02,1.099999994039535522e-03,-1.999999949475750327e-04,1.000000000000000000e+02,5.186699829101562500e+02,6.434899902343750000e+02,1.597939941406250000e+03,1.427599975585937500e+03,1.461999988555908203e+01,2.161000061035156250e+01,5.512899780273437500e+02,2.388179931640625000e+03,9.129740234375000000e+03,1.299999952316284180e+00,4.831999969482421875e+01,5.205599975585937500e+02,2.388229980468750000e+03,8.196179687500000000e+03,8.523699760437011719e+00,2.999999932944774628e-02,3.970000000000000000e+02,2.388000000000000000e+03,1.000000000000000000e+02,3.836000061035156250e+01,2.298240089416503906e+01
2.070000000000000000e+02,-1.999999949475750327e-04,9.999999747378751636e-05,1.000000000000000000e+02,5.186699829101562500e+02,6.436500244140625000e+02,1.599270019531250000e+03,1.433719970703125000e+03,1.461999988555908203e+01,2.161000061035156250e+01,5.515900268554687500e+02,2.388330078125000000e+03,9.039929687500000000e+03,1.299999952316284180e+00,4.829999923706054688e+01,5.196699829101562500e+02,2.388310058593750000e+03,8.122390136718750000e+03,8.538100242614746094e+00,2.999999932944774628e-02,3.960000000000000000e+02,2.388000000000000000e+03,1.000000000000000000e+02,3.843000030517578125e+01,2.303750038146972656e+01
2.090000000000000000e+02,1.200000056996941566e-03,-1.999999949475750327e-04,1.000000000000000000e+02,5.186699829101562500e+02,6.436099853515625000e+02,1.601469970703125000e+03,1.429680053710937500e+03,1.461999988555908203e+01,2.161000061035156250e+01,5.511699829101562500e+02,2.388250000000000000e+03,9.060940429687500000e+03,1.299999952316284180e+00,4.827999877929687500e+01,5.194400024414062500e+02,2.388260009765625000e+03,8.132250000000000000e+03,8.525799751281738281e+00,2.999999932944774628e-02,3.970000000000000000e+02,2.388000000000000000e+03,1.000000000000000000e+02,3.834999847412109375e+01,2.315049934387207031e+01
2.760000000000000000e+02,-6.000000284984707832e-04,-3.999999898951500654e-04,1.000000000000000000e+02,5.186699829101562500e+02,6.439699707031250000e+02,1.599819946289062500e+03,1.432459960937500000e+03,1.461999988555908203e+01,2.161000061035156250e+01,5.515100097656250000e+02,2.388139892578125000e+03,9.172750000000000000e+03,1.299999952316284180e+00,4.806000137329101562e+01,5.202199707031250000e+02,2.388120117187500000e+03,8.238259765625000000e+03,8.517100334167480469e+00,2.999999932944774628e-02,3.970000000000000000e+02,2.388000000000000000e+03,1.000000000000000000e+02,3.850000000000000000e+01,2.305170059204101562e+01
1.950000000000000000e+02,-2.899999963119626045e-03,-9.999999747378751636e-05,1.000000000000000000e+02,5.186699829101562500e+02,6.439299926757812500e+02,1.601000000000000000e+03,1.428079956054687500e+03,1.461999988555908203e+01,2.161000061035156250e+01,5.514299926757812500e+02,2.388439941406250000e+03,9.224530273437500000e+03,1.299999952316284180e+00,4.800999832153320312e+01,5.194400024414062500e+02,2.388389892578125000e+03,8.282500000000000000e+03,8.513199806213378906e+00,2.999999932944774628e-02,3.980000000000000000e+02,2.388000000000000000e+03,1.000000000000000000e+02,3.850000000000000000e+01,2.303039932250976562e+01
1.580000000000000000e+02,-8.999999845400452614e-04,3.999999898951500654e-04,1.000000000000000000e+02,5.186699829101562500e+02,6.433400268554687500e+02,1.605579956054687500e+03,1.433969970703125000e+03,1.461999988555908203e+01,2.161000061035156250e+01,5.508400268554687500e+02,2.388300048828125000e+03,9.051889648437500000e+03,1.299999952316284180e+00,4.822999954223632812e+01,5.192199707031250000e+02,2.388330078125000000e+03,8.117140136718750000e+03,8.534299850463867188e+00,2.999999932944774628e-02,3.960000000000000000e+02,2.388000000000000000e+03,1.000000000000000000e+02,3.827999877929687500e+01,2.294050025939941406e+01
2.340000000000000000e+02,1.099999994039535522e-03,-3.999999898951500654e-04,1.000000000000000000e+02,5.186699829101562500e+02,6.438599853515625000e+02,1.598430053710937500e+03,1.430930053710937500e+03,1.461999988555908203e+01,2.161000061035156250e+01,5.517399902343750000e+02,2.388300048828125000e+03,9.070660156250000000e+03,1.299999952316284180e+00,4.815000152587890625e+01,5.197299804687500000e+02,2.388250000000000000e+03,8.143299804687500000e+03,8.543299674987792969e+00,2.999999932944774628e-02,3.970000000000000000e+02,2.388000000000000000e+03,1.000000000000000000e+02,3.856999969482421875e+01,2.299640083312988281e+01
1.950000000000000000e+02,2.199999988079071045e-03,0.000000000000000000e+00,1.000000000000000000e+02,5.186699829101562500e+02,6.438699951171875000e+02,1.606469970703125000e+03,1.432839965820312500e+03,1.461999988555908203e+01,2.161000061035156250e+01,5.517899780273437500e+02,2.388179931640625000e+03,9.161509765625000000e+03,1.299999952316284180e+00,4.804000091552734375e+01,5.202600097656250000e+02,2.388189941406250000e+03,8.224870117187500000e+03,8.519700050354003906e+00,2.999999932944774628e-02,3.990000000000000000e+02,2.388000000000000000e+03,1.000000000000000000e+02,3.843999862670898438e+01,2.298600006103515625e+01
2.020000000000000000e+02,1.700000022538006306e-03,-9.999999747378751636e-05,1.000000000000000000e+02,5.186699829101562500e+02,6.436400146484375000e+02,1.609560058593750000e+03,1.429979980468750000e+03,1.461999988555908203e+01,2.161000061035156250e+01,5.510200195312500000e+02,2.388300048828125000e+03,9.053410156250000000e+03,1.299999952316284180e+00,4.815999984741210938e+01,5.193099975585937500e+02,2.388300048828125000e+03,8.130049804687500000e+03,8.536100387573242188e+00,2.999999932944774628e-02,3.980000000000000000e+02,2.388000000000000000e+03,1.000000000000000000e+02,3.843000030517578125e+01,2.299650001525878906e+01
1.680000000000000000e+02,-6.999999750405550003e-04,1.999999949475750327e-04,1.000000000000000000e+02,5.186699829101562500e+02,6.433200073242187500e+02,1.604160034179687500e+03,1.431689941406250000e+03,1.461999988555908203e+01,2.161000061035156250e+01,5.512600097656250000e+02,2.388260009765625000e+03,9.059370117187500000e+03,1.299999952316284180e+00,4.818999862670898438e+01,5.197100219726562500e+02,2.388360107421875000e+03,8.127930175781250000e+03,8.516900062561035156e+00,2.999999932944774628e-02,3.970000000000000000e+02,2.388000000000000000e+03,1.000000000000000000e+02,3.831999969482421875e+01,2.290710067749023438e+01
1.470000000000000000e+02,-6.000000284984707832e-04,3.999999898951500654e-04,1.000000000000000000e+02,5.186699829101562500e+02,6.437899780273437500e+02,1.601329956054687500e+03,1.430869995117187500e+03,1.461999988555908203e+01,2.161000061035156250e+01,5.507800292968750000e+02,2.388300048828125000e+03,9.043959960937500000e+03,1.299999952316284180e+00,4.818999862670898438e+01,5.192999877929687500e+02,2.388280029296875000e+03,8.119580078125000000e+03,8.537400245666503906e+00,2.999999932944774628e-02,3.980000000000000000e+02,2.388000000000000000e+03,1.000000000000000000e+02,3.858000183105468750e+01,2.303089904785156250e+01
2.300000000000000000e+02,-4.600000102072954178e-03,9.999999747378751636e-05,1.000000000000000000e+02,5.186699829101562500e+02,6.436699829101562500e+02,1.608489990234375000e+03,1.432579956054687500e+03,1.461999988555908203e+01,2.161000061035156250e+01,5.521799926757812500e+02,2.388139892578125000e+03,9.152459960937500000e+03,1.299999952316284180e+00,4.811999893188476562e+01,5.201599731445312500e+02,2.388189941406250000e+03,8.209410156250000000e+03,8.497400283813476562e+00,2.999999932944774628e-02,3.980000000000000000e+02,2.388000000000000000e+03,1.000000000000000000e+02,3.838000106811523438e+01,2.303490066528320312e+01
1.990000000000000000e+02,-5.000000237487256527e-04,3.000000142492353916e-04,1.000000000000000000e+02,5.186699829101562500e+02,6.435100097656250000e+02,1.599250000000000000e+03,1.432500000000000000e+03,1.461999988555908203e+01,2.161000061035156250e+01,5.517899780273437500e+02,2.388189941406250000e+03,9.159509765625000000e+03,1.299999952316284180e+00,4.804999923706054688e+01,5.192000122070312500e+02,2.388199951171875000e+03,8.222419921875000000e+03,8.534700393676757812e+00,2.999999932944774628e-02,3.980000000000000000e+02,2.388000000000000000e+03,1.000000000000000000e+02,3.827000045776367188e+01,2.298670005798339844e+01
1.560000000000000000e+02,3.000000142492353916e-04,3.999999898951500654e-04,1.000000000000000000e+02,5.186699829101562500e+02,6.437600097656250000e+02,1.606449951171875000e+03,1.429060058593750000e+03,1.461999988555908203e+01,2.161000061035156250e+01,5.515100097656250000e+02,2.388169921875000000e+03,9.141139648437500000e+03,1.299999952316284180e+00,4.825999832153320312e+01,5.194299926757812500e+02,2.388149902343750000e+03,8.210070312500000000e+03,8.525899887084960938e+00,2.999999932944774628e-02,3.970000000000000000e+02,2.388000000000000000e+03,1.000000000000000000e+02,3.865000152587890625e+01,2.307719993591308594e+01
1.650000000000000000e+02,-3.599999938160181046e-03,-3.999999898951500654e-04,1.000000000000000000e+02,5.186699829101562500e+02,6.440100097656250000e+02,1.600609985351562500e+03,1.431569946289062500e+03,1.461999988555908203e+01,2.161000061035156250e+01,5.517800292968750000e+02,2.388189941406250000e+03,9.087320312500000000e+03,1.299999952316284180e+00,4.804000091552734375e+01,5.193099975585937500e+02,2.388199951171875000e+03,8.166049804687500000e+03,8.531100273132324219e+00,2.999999932944774628e-02,3.960000000000000000e+02,2.388000000000000000e+03,1.000000000000000000e+02,3.836999893188476562e+01,2.315080070495605469e+01
1.630000000000000000e+02,-1.799999969080090523e-03,-3.000000142492353916e-04,1.000000000000000000e+02,5.186699829101562500e+02,6.439799804687500000e+02,1.598930053710937500e+03,1.436410034179687500e+03,1.461999988555908203e+01,2.161000061035156250e+01,5.516400146484375000e+02,2.388229980468750000e+03,9.042660156250000000e+03,1.299999952316284180e+00,4.816999816894531250e+01,5.197500000000000000e+02,2.388260009765625000e+03,8.121379882812500000e+03,8.564100265502929688e+00,2.999999932944774628e-02,3.960000000000000000e+02,2.388000000000000000e+03,1.000000000000000000e+02,3.829000091552734375e+01,2.305830001831054688e+01
1.940000000000000000e+02,3.000000142492353916e-04,5.000000237487256527e-04,1.000000000000000000e+02,5.186699829101562500e+02,6.433400268554687500e+02,1.604030029296875000e+03,1.441489990234375000e+03,1.461999988555908203e+01,2.161000061035156250e+01,5.510999755859375000e+02,2.388320068359375000e+03,9.050000000000000000e+03,1.299999952316284180e+00,4.816999816894531250e+01,5.192199707031250000e+02,2.388300048828125000e+03,8.118209960937500000e+03,8.529800415039062500e+00,2.999999932944774628e-02,3.960000000000000000e+02,2.388000000000000000e+03,1.000000000000000000e+02,3.824000167846679688e+01,2.319249916076660156e+01
2.340000000000000000e+02,2.300000051036477089e-03,-9.999999747378751636e-05,1.000000000000000000e+02,5.186699829101562500e+02,6.435000000000000000e+02,1.599790039062500000e+03,1.425760009765625000e+03,1.461999988555908203e+01,2.161000061035156250e+01,5.508599853515625000e+02,2.388340087890625000e+03,9.042459960937500000e+03,1.299999952316284180e+00,4.831999969482421875e+01,5.198800048828125000e+02,2.388350097656250000e+03,8.116959960937500000e+03,8.487099647521972656e+00,2.999999932944774628e-02,3.970000000000000000e+02,2.388000000000000000e+03,1.000000000000000000e+02,3.845999908447265625e+01,2.303140068054199219e+01
1.910000000000000000e+02,1.300000003539025784e-03,-3.000000142492353916e-04,1.000000000000000000e+02,5.186699829101562500e+02,6.433499755859375000e+02,1.605390014648437500e+03,1.435150024414062500e+03,1.461999988555908203e+01,2.161000061035156250e+01,5.514500122070312500e+02,2.388179931640625000e+03,9.089900390625000000e+03,1.299999952316284180e+00,4.852999877929687500e+01,5.196500244140625000e+02,2.388209960937500000e+03,8.156169921875000000e+03,8.537199974060058594e+00,2.999999932944774628e-02,3.960000000000000000e+02,2.388000000000000000e+03,1.000000000000000000e+02,3.829999923706054688e+01,2.312249946594238281e+01
2.000000000000000000e+02,-1.300000003539025784e-03,-3.000000142492353916e-04,1.000000000000000000e+02,5.186699829101562500e+02,6.439299926757812500e+02,1.605510009765625000e+03,1.433489990234375000e+03,1.461999988555908203e+01,2.161000061035156250e+01,5.512800292968750000e+02,2.388229980468750000e+03,9.050889648437500000e+03,1.299999952316284180e+00,4.827999877929687500e+01,5.198099975585937500e+02,2.388310058593750000e+03,8.127700195312500000e+03,8.514599800109863281e+00,2.999999932944774628e-02,3.970000000000000000e+02,2.388000000000000000e+03,1.000000000000000000e+02,3.841999816894531250e+01,2.298620033264160156e+01
1.950000000000000000e+02,4.000000189989805222e-03,6.000000284984707832e-04,1.000000000000000000e+02,5.186699829101562500e+02,6.439400024414062500e+02,1.597739990234375000e+03,1.434089965820312500e+03,1.461999988555908203e+01,2.161000061035156250e+01,5.514600219726562500e+02,2.388169921875000000e+03,9.162570312500000000e+03,1.299999952316284180e+00,4.833000183105468750e+01,5.200100097656250000e+02,2.388139892578125000e+03,8.230839843750000000e+03,8.501399993896484375e+00,2.999999932944774628e-02,3.970000000000000000e+02,2.388000000000000000e+03,1.000000000000000000e+02,3.836000061035156250e+01,2.299839973449707031e+01
1.810000000000000000e+02,3.000000142492353916e-04,1.999999949475750327e-04,1.000000000000000000e+02,5.186699829101562500e+02,6.439099731445312500e+02,1.600310058593750000e+03,1.431500000000000000e+03,1.461999988555908203e+01,2.161000061035156250e+01,5.511599731445312500e+02,2.388239990234375000e+03,9.098299804687500000e+03,1.299999952316284180e+00,4.808000183105468750e+01,5.198400268554687500e+02,2.388250000000000000e+03,8.166970214843750000e+03,8.515299797058105469e+00,2.999999932944774628e-02,3.960000000000000000e+02,2.388000000000000000e+03,1.000000000000000000e+02,3.843999862670898438e+01,2.302050018310546875e+01
1.580000000000000000e+02,-5.000000237487256527e-04,-9.999999747378751636e-05,1.000000000000000000e+02,5.186699829101562500e+02,6.433099975585937500e+02,1.606599975585937500e+03,1.432329956054687500e+03,1.461999988555908203e+01,2.161000061035156250e+01,5.517000122070312500e+02,2.388280029296875000e+03,9.051209960937500000e+03,1.299999952316284180e+00,4.825999832153320312e+01,5.194000244140625000e+02,2.388310058593750000e+03,8.124669921875000000e+03,8.532699584960937500e+00,2.999999932944774628e-02,3.960000000000000000e+02,2.388000000000000000e+03,1.000000000000000000e+02,3.838999938964843750e+01,2.299150085449218750e+01
1.700000000000000000e+02,2.400000113993883133e-03,-5.000000237487256527e-04,1.000000000000000000e+02,5.186699829101562500e+02,6.438499755859375000e+02,1.603359985351562500e+03,1.425869995117187500e+03,1.461999988555908203e+01,2.161000061035156250e+01,5.512800292968750000e+02,2.388290039062500000e+03,9.038730468750000000e+03,1.299999952316284180e+00,4.840000152587890625e+01,5.191500244140625000e+02,2.388270019531250000e+03,8.116790039062500000e+03,8.555899620056152344e+00,2.999999932944774628e-02,3.960000000000000000e+02,2.388000000000000000e+03,1.000000000000000000e+02,3.836999893188476562e+01,2.316150093078613281e+01
1.940000000000000000e+02,-1.700000022538006306e-03,3.999999898951500654e-04,1.000000000000000000e+02,5.186699829101562500e+02,6.439500122070312500e+02,1.606900024414062500e+03,1.426160034179687500e+03,1.461999988555908203e+01,2.161000061035156250e+01,5.516699829101562500e+02,2.388260009765625000e+03,9.156769531250000000e+03,1.299999952316284180e+00,4.852000045776367188e+01,5.200700073242187500e+02,2.388159912109375000e+03,8.217940429687500000e+03,8.557399749755859375e+00,2.999999932944774628e-02,3.970000000000000000e+02,2.388000000000000000e+03,1.000000000000000000e+02,3.834999847412109375e+01,2.300099945068359375e+01
1.280000000000000000e+02,-2.899999963119626045e-03,1.999999949475750327e-04,1.000000000000000000e+02,5.186699829101562500e+02,6.436599731445312500e+02,1.604189941406250000e+03,1.428140014648437500e+03,1.461999988555908203e+01,2.161000061035156250e+01,5.506799926757812500e+02,2.388300048828125000e+03,9.036099609375000000e+03,1.299999952316284180e+00,4.827000045776367188e+01,5.188300170898437500e+02,2.388310058593750000e+03,8.106629882812500000e+03,8.514800071716308594e+00,2.999999932944774628e-02,3.950000000000000000e+02,2.388000000000000000e+03,1.000000000000000000e+02,3.850000000000000000e+01,2.302809906005859375e+01
1.880000000000000000e+02,1.999999949475750327e-04,-3.000000142492353916e-04,1.000000000000000000e+02,5.186699829101562500e+02,6.438699951171875000e+02,1.611920043945312500e+03,1.432959960937500000e+03,1.461999988555908203e+01,2.161000061035156250e+01,5.510800170898437500e+02,2.388229980468750000e+03,9.142419921875000000e+03,1.299999952316284180e+00,4.802999877929687500e+01,5.203300170898437500e+02,2.388250000000000000e+03,8.202759765625000000e+03,8.534999847412109375e+00,2.999999932944774628e-02,3.970000000000000000e+02,2.388000000000000000e+03,1.000000000000000000e+02,3.836999893188476562e+01,2.310219955444335938e+01
2.160000000000000000e+02,-2.400000113993883133e-03,-9.999999747378751636e-05,1.000000000000000000e+02,5.186699829101562500e+02,6.435100097656250000e+02,1.603910034179687500e+03,1.428739990234375000e+03,1.461999988555908203e+01,2.161000061035156250e+01,5.515300292968750000e+02,2.388159912109375000e+03,9.152860351562500000e+03,1.299999952316284180e+00,4.834000015258789062e+01,5.200700073242187500e+02,2.388169921875000000e+03,8.214549804687500000e+03,8.499899864196777344e+00,2.999999932944774628e-02,3.980000000000000000e+02,2.388000000000000000e+03,1.000000000000000000e+02,3.825000000000000000e+01,2.312369918823242188e+01
1.960000000000000000e+02,-1.900000032037496567e-03,3.000000142492353916e-04,1.000000000000000000e+02,5.186699829101562500e+02,6.433400268554687500e+02,1.597410034179687500e+03,1.427680053710937500e+03,1.461999988555908203e+01,2.161000061035156250e+01,5.510399780273437500e+02,2.388290039062500000e+03,9.066910156250000000e+03,1.299999952316284180e+00,4.797000122070312500e+01,5.196799926757812500e+02,2.388260009765625000e+03,8.133970214843750000e+03,8.516099929809570312e+00,2.999999932944774628e-02,3.950000000000000000e+02,2.388000000000000000e+03,1.000000000000000000e+02,3.843000030517578125e+01,2.299500083923339844e+01
2.070000000000000000e+02,3.000000142492353916e-04,0.000000000000000000e+00,1.000000000000000000e+02,5.186699829101562500e+02,6.439899902343750000e+02,1.599569946289062500e+03,1.427530029296875000e+03,1.461999988555908203e+01,2.161000061035156250e+01,5.507299804687500000e+02,2.388370117187500000e+03,9.035000000000000000e+03,1.299999952316284180e+00,4.802999877929687500e+01,5.193699951171875000e+02,2.388300048828125000e+03,8.113240234375000000e+03,8.491600036621093750e+00,2.999999932944774628e-02,3.970000000000000000e+02,2.388000000000000000e+03,1.000000000000000000e+02,3.843999862670898438e+01,2.299360084533691406e+01
1.920000000000000000e+02,1.500000013038516045e-03,-3.000000142492353916e-04,1.000000000000000000e+02,5.186699829101562500e+02,6.439500122070312500e+02,1.608500000000000000e+03,1.438959960937500000e+03,1.461999988555908203e+01,2.161000061035156250e+01,5.520300292968750000e+02,2.388169921875000000e+03,9.079750000000000000e+03,1.299999952316284180e+00,4.804999923706054688e+01,5.198699951171875000e+02,2.388229980468750000e+03,8.155100097656250000e+03,8.526599884033203125e+00,2.999999932944774628e-02,3.960000000000000000e+02,2.388000000000000000e+03,1.000000000000000000e+02,3.838999938964843750e+01,2.294350051879882812e+01
1.580000000000000000e+02,1.200000056996941566e-03,-9.999999747378751636e-05,1.000000000000000000e+02,5.186699829101562500e+02,6.437000122070312500e+02,1.598550048828125000e+03,1.437880004882812500e+03,1.461999988555908203e+01,2.161000061035156250e+01,5.515900268554687500e+02,2.388229980468750000e+03,9.095150390625000000e+03,1.299999952316284180e+00,4.829000091552734375e+01,5.198300170898437500e+02,2.388229980468750000e+03,8.160089843750000000e+03,8.549699783325195312e+00,2.999999932944774628e-02,3.960000000000000000e+02,2.388000000000000000e+03,1.000000000000000000e+02,3.822000122070312500e+01,2.303420066833496094e+01
2.560000000000000000e+02,2.300000051036477089e-03,1.999999949475750327e-04,1.000000000000000000e+02,5.186699829101562500e+02,6.444400024414062500e+02,1.602569946289062500e+03,1.433989990234375000e+03,1.461999988555908203e+01,2.161000061035156250e+01,5.507500000000000000e+02,2.388250000000000000e+03,9.041980468750000000e+03,1.299999952316284180e+00,4.822000122070312500e+01,5.194799804687500000e+02,2.388320068359375000e+03,8.118009765625000000e+03,8.505200386047363281e+00,2.999999932944774628e-02,3.970000000000000000e+02,2.388000000000000000e+03,1.000000000000000000e+02,3.838000106811523438e+01,2.301700019836425781e+01
2.140000000000000000e+02,3.199999919161200523e-03,-9.999999747378751636e-05,1.000000000000000000e+02,5.186699829101562500e+02,6.435000000000000000e+02,1.602640014648437500e+03,1.433300048828125000e+03,1.461999988555908203e+01,2.161000061035156250e+01,5.517000122070312500e+02,2.388209960937500000e+03,9.107269531250000000e+03,1.299999952316284180e+00,4.827999877929687500e+01,5.197199707031250000e+02,2.388219970703125000e+03,8.176359863281250000e+03,8.523799896240234375e+00,2.999999932944774628e-02,3.950000000000000000e+02,2.388000000000000000e+03,1.000000000000000000e+02,3.847999954223632812e+01,2.312989997863769531e+01
2.310000000000000000e+02,-2.499999944120645523e-03,-5.000000237487256527e-04,1.000000000000000000e+02,5.186699829101562500e+02,6.440200195312500000e+02,1.609540039062500000e+03,1.435189941406250000e+03,1.461999988555908203e+01,2.161000061035156250e+01,5.516500244140625000e+02,2.388520019531250000e+03,9.228530273437500000e+03,1.299999952316284180e+00,4.797999954223632812e+01,5.205300292968750000e+02,2.388550048828125000e+03,8.290250000000000000e+03,8.492300033569335938e+00,2.999999932944774628e-02,3.980000000000000000e+02,2.388000000000000000e+03,1.000000000000000000e+02,3.845000076293945312e+01,2.301880073547363281e+01
2.150000000000000000e+02,2.600000007078051567e-03,-5.000000237487256527e-04,1.000000000000000000e+02,5.186699829101562500e+02,6.442000122070312500e+02,1.593839965820312500e+03,1.433239990234375000e+03,1.461999988555908203e+01,2.161000061035156250e+01,5.507199707031250000e+02,2.388260009765625000e+03,9.058190429687500000e+03,1.299999952316284180e+00,4.825999832153320312e+01,5.192500000000000000e+02,2.388300048828125000e+03,8.138390136718750000e+03,8.504599571228027344e+00,2.999999932944774628e-02,3.960000000000000000e+02,2.388000000000000000e+03,1.000000000000000000e+02,3.845999908447265625e+01,2.301709938049316406e+01
1.980000000000000000e+02,3.899999894201755524e-03,9.999999747378751636e-05,1.000000000000000000e+02,5.186699829101562500e+02,6.438300170898437500e+02,1.608199951171875000e+03,1.433880004882812500e+03,1.461999988555908203e+01,2.161000061035156250e+01,5.520599975585937500e+02,2.388199951171875000e+03,9.128910156250000000e+03,1.299999952316284180e+00,4.800999832153320312e+01,5.200000000000000000e+02,2.388250000000000000e+03,8.200200195312500000e+03,8.500200271606445312e+00,2.999999932944774628e-02,3.960000000000000000e+02,2.388000000000000000e+03,1.000000000000000000e+02,3.843000030517578125e+01,2.310860061645507812e+01
2.130000000000000000e+02,1.399999950081110001e-03,3.999999898951500654e-04,1.000000000000000000e+02,5.186699829101562500e+02,6.441099853515625000e+02,1.606599975585937500e+03,1.428550048828125000e+03,1.461999988555908203e+01,2.161000061035156250e+01,5.515999755859375000e+02,2.388560058593750000e+03,9.244589843750000000e+03,1.299999952316284180e+00,4.788999938964843750e+01,5.202000122070312500e+02,2.388540039062500000e+03,8.293719726562500000e+03,8.530599594116210938e+00,2.999999932944774628e-02,3.970000000000000000e+02,2.388000000000000000e+03,1.000000000000000000e+02,3.838999938964843750e+01,2.309580039978027344e+01
2.130000000000000000e+02,-1.700000022538006306e-03,-5.000000237487256527e-04,1.000000000000000000e+02,5.186699829101562500e+02,6.436699829101562500e+02,1.601989990234375000e+03,1.436339965820312500e+03,1.461999988555908203e+01,2.161000061035156250e+01,5.522800292968750000e+02,2.388179931640625000e+03,9.119400390625000000e+03,1.299999952316284180e+00,4.818000030517578125e+01,5.192299804687500000e+02,2.388209960937500000e+03,8.181729980468750000e+03,8.515899658203125000e+00,2.999999932944774628e-02,3.970000000000000000e+02,2.388000000000000000e+03,1.000000000000000000e+02,3.834999847412109375e+01,2.301499938964843750e+01
1.950000000000000000e+02,-9.999999747378751636e-05,-3.999999898951500654e-04,1.000000000000000000e+02,5.186699829101562500e+02,6.441799926757812500e+02,1.612630004882812500e+03,1.423189941406250000e+03,1.461999988555908203e+01,2.161000061035156250e+01,5.525300292968750000e+02,2.388139892578125000e+03,9.162469726562500000e+03,1.299999952316284180e+00,4.818000030517578125e+01,5.196799926757812500e+02,2.388169921875000000e+03,8.230959960937500000e+03,8.519599914550781250e+00,2.999999932944774628e-02,3.960000000000000000e+02,2.388000000000000000e+03,1.000000000000000000e+02,3.831999969482421875e+01,2.304190063476562500e+01
2.570000000000000000e+02,-8.999999845400452614e-04,-3.000000142492353916e-04,1.000000000000000000e+02,5.186699829101562500e+02,6.437999877929687500e+02,1.601790039062500000e+03,1.433260009765625000e+03,1.461999988555908203e+01,2.161000061035156250e+01,5.513699951171875000e+02,2.388159912109375000e+03,9.155849609375000000e+03,1.299999952316284180e+00,4.815000152587890625e+01,5.195700073242187500e+02,2.388149902343750000e+03,8.220230468750000000e+03,8.529500007629394531e+00,2.999999932944774628e-02,3.950000000000000000e+02,2.388000000000000000e+03,1.000000000000000000e+02,3.829999923706054688e+01,2.304999923706054688e+01
1.930000000000000000e+02,3.299999982118606567e-03,0.000000000000000000e+00,1.000000000000000000e+02,5.186699829101562500e+02,6.440100097656250000e+02,1.605119995117187500e+03,1.433560058593750000e+03,1.461999988555908203e+01,2.161000061035156250e+01,5.517999877929687500e+02,2.388139892578125000e+03,9.202750000000000000e+03,1.299999952316284180e+00,4.818999862670898438e+01,5.203599853515625000e+02,2.388159912109375000e+03,8.257580078125000000e+03,8.531000137329101562e+00,2.999999932944774628e-02,3.970000000000000000e+02,2.388000000000000000e+03,1.000000000000000000e+02,3.849000167846679688e+01,2.316040039062500000e+01
2.750000000000000000e+02,-5.799999926239252090e-03,9.999999747378751636e-05,1.000000000000000000e+02,5.186699829101562500e+02,6.440900268554687500e+02,1.600469970703125000e+03,1.427239990234375000e+03,1.461999988555908203e+01,2.161000061035156250e+01,5.514400024414062500e+02,2.388159912109375000e+03,9.145500000000000000e+03,1.299999952316284180e+00,4.815999984741210938e+01,5.198699951171875000e+02,2.388189941406250000e+03,8.217250000000000000e+03,8.524299621582031250e+00,2.999999932944774628e-02,3.960000000000000000e+02,2.388000000000000000e+03,1.000000000000000000e+02,3.827000045776367188e+01,2.305970001220703125e+01
1.370000000000000000e+02,-3.999999898951500654e-04,-3.000000142492353916e-04,1.000000000000000000e+02,5.186699829101562500e+02,6.441500244140625000e+02,1.596449951171875000e+03,1.432489990234375000e+03,1.461999988555908203e+01,2.161000061035156250e+01,5.509500122070312500e+02,2.388320068359375000e+03,9.036500000000000000e+03,1.299999952316284180e+00,4.825999832153320312e+01,5.190700073242187500e+02,2.388280029296875000e+03,8.108279785156250000e+03,8.553299903869628906e+00,2.999999932944774628e-02,3.940000000000000000e+02,2.388000000000000000e+03,1.000000000000000000e+02,3.824000167846679688e+01,2.304120063781738281e+01
1.470000000000000000e+02,-2.799999900162220001e-03,1.999999949475750327e-04,1.000000000000000000e+02,5.186699829101562500e+02,6.437500000000000000e+02,1.593770019531250000e+03,1.438219970703125000e+03,1.461999988555908203e+01,2.161000061035156250e+01,5.512899780273437500e+02,2.388280029296875000e+03,9.047790039062500000e+03,1.299999952316284180e+00,4.833000183105468750e+01,5.197700195312500000e+02,2.388330078125000000e+03,8.119759765625000000e+03,8.519000053405761719e+00,2.999999932944774628e-02,3.950000000000000000e+02,2.388000000000000000e+03,1.000000000000000000e+02,3.829000091552734375e+01,2.318499946594238281e+01
2.310000000000000000e+02,2.000000094994902611e-03,-3.999999898951500654e-04,1.000000000000000000e+02,5.186699829101562500e+02,6.434699707031250000e+02,1.599560058593750000e+03,1.425869995117187500e+03,1.461999988555908203e+01,2.161000061035156250e+01,5.508800048828125000e+02,2.388280029296875000e+03,9.063690429687500000e+03,1.299999952316284180e+00,4.813999938964843750e+01,5.190900268554687500e+02,2.388239990234375000e+03,8.141319824218750000e+03,8.515500068664550781e+00,2.999999932944774628e-02,3.950000000000000000e+02,2.388000000000000000e+03,1.000000000000000000e+02,3.843999862670898438e+01,2.302580070495605469e+01
1.720000000000000000e+02,-5.000000237487256527e-04,3.999999898951500654e-04,1.000000000000000000e+02,5.186699829101562500e+02,6.436199951171875000e+02,1.605189941406250000e+03,1.434089965820312500e+03,1.461999988555908203e+01,2.161000061035156250e+01,5.512100219726562500e+02,2.388179931640625000e+03,9.141469726562500000e+03,1.299999952316284180e+00,4.804000091552734375e+01,5.204400024414062500e+02,2.388219970703125000e+03,8.205469726562500000e+03,8.532199859619140625e+00,2.999999932944774628e-02,3.960000000000000000e+02,2.388000000000000000e+03,1.000000000000000000e+02,3.822999954223632812e+01,2.295400047302246094e+01
1.850000000000000000e+02,-4.900000058114528656e-03,0.000000000000000000e+00,1.000000000000000000e+02,5.186699829101562500e+02,6.433900146484375000e+02,1.604829956054687500e+03,1.426000000000000000e+03,1.461999988555908203e+01,2.161000061035156250e+01,5.511199951171875000e+02,2.388260009765625000e+03,9.038929687500000000e+03,1.299999952316284180e+00,4.822999954223632812e+01,5.198200073242187500e+02,2.388270019531250000e+03,8.109390136718750000e+03,8.519000053405761719e+00,2.999999932944774628e-02,3.970000000000000000e+02,2.388000000000000000e+03,1.000000000000000000e+02,3.834000015258789062e+01,2.298399925231933594e+01
1.800000000000000000e+02,-2.600000007078051567e-03,-1.999999949475750327e-04,1.000000000000000000e+02,5.186699829101562500e+02,6.434899902343750000e+02,1.595099975585937500e+03,1.427510009765625000e+03,1.461999988555908203e+01,2.161000061035156250e+01,5.510900268554687500e+02,2.388280029296875000e+03,9.037019531250000000e+03,1.299999952316284180e+00,4.815999984741210938e+01,5.196799926757812500e+02,2.388310058593750000e+03,8.123279785156250000e+03,8.544199943542480469e+00,2.999999932944774628e-02,3.960000000000000000e+02,2.388000000000000000e+03,1.000000000000000000e+02,3.834999847412109375e+01,2.300419998168945312e+01
1.740000000000000000e+02,-6.999999750405550003e-04,-3.000000142492353916e-04,1.000000000000000000e+02,5.186699829101562500e+02,6.434299926757812500e+02,1.603869995117187500e+03,1.424719970703125000e+03,1.461999988555908203e+01,2.161000061035156250e+01,5.517000122070312500e+02,2.388159912109375000e+03,9.175009765625000000e+03,1.299999952316284180e+00,4.820999908447265625e+01,5.201599731445312500e+02,2.388159912109375000e+03,8.239450195312500000e+03,8.526499748229980469e+00,2.999999932944774628e-02,3.970000000000000000e+02,2.388000000000000000e+03,1.000000000000000000e+02,3.831000137329101562e+01,2.322279930114746094e+01
2.830000000000000000e+02,2.000000094994902611e-03,-9.999999747378751636e-05,1.000000000000000000e+02,5.186699829101562500e+02,6.438800048828125000e+02,1.605469970703125000e+03,1.425770019531250000e+03,1.461999988555908203e+01,2.161000061035156250e+01,5.505999755859375000e+02,2.388169921875000000e+03,9.111280273437500000e+03,1.299999952316284180e+00,4.815000152587890625e+01,5.195399780273437500e+02,2.388219970703125000e+03,8.181589843750000000e+03,8.545800209045410156e+00,2.999999932944774628e-02,3.970000000000000000e+02,2.388000000000000000e+03,1.000000000000000000e+02,3.845000076293945312e+01,2.310409927368164062e+01
1.530000000000000000e+02,2.099999925121665001e-03,-9.999999747378751636e-05,1.000000000000000000e+02,5.186699829101562500e+02,6.439500122070312500e+02,1.592449951171875000e+03,1.432829956054687500e+03,1.461999988555908203e+01,2.161000061035156250e+01,5.511900024414062500e+02,2.388280029296875000e+03,9.030230468750000000e+03,1.299999952316284180e+00,4.808000183105468750e+01,5.197299804687500000e+02,2.388340087890625000e+03,8.109490234375000000e+03,8.519700050354003906e+00,2.999999932944774628e-02,3.960000000000000000e+02,2.388000000000000000e+03,1.000000000000000000e+02,3.836999893188476562e+01,2.313619995117187500e+01
2.020000000000000000e+02,-3.800000064074993134e-03,3.999999898951500654e-04,1.000000000000000000e+02,5.186699829101562500e+02,6.438800048828125000e+02,1.607660034179687500e+03,1.429380004882812500e+03,1.461999988555908203e+01,2.161000061035156250e+01,5.515300292968750000e+02,2.388229980468750000e+03,9.071250000000000000e+03,1.299999952316284180e+00,4.818999862670898438e+01,5.193800048828125000e+02,2.388250000000000000e+03,8.147899902343750000e+03,8.538200378417968750e+00,2.999999932944774628e-02,3.960000000000000000e+02,2.388000000000000000e+03,1.000000000000000000e+02,3.838000106811523438e+01,2.314119911193847656e+01
3.130000000000000000e+02,8.999999845400452614e-04,-3.000000142492353916e-04,1.000000000000000000e+02,5.186699829101562500e+02,6.435700073242187500e+02,1.599780029296875000e+03,1.424959960937500000e+03,1.461999988555908203e+01,2.161000061035156250e+01,5.512999877929687500e+02,2.388290039062500000e+03,9.074139648437500000e+03,1.299999952316284180e+00,4.827999877929687500e+01,5.202899780273437500e+02,2.388209960937500000e+03,8.146040039062500000e+03,8.566800117492675781e+00,2.999999932944774628e-02,3.970000000000000000e+02,2.388000000000000000e+03,1.000000000000000000e+02,3.845000076293945312e+01,2.312879943847656250e+01
1.990000000000000000e+02,-3.700000001117587090e-03,-3.999999898951500654e-04,1.000000000000000000e+02,5.186699829101562500e+02,6.438800048828125000e+02,1.609589965820312500e+03,1.430170043945312500e+03,1.461999988555908203e+01,2.161000061035156250e+01,5.514699707031250000e+02,2.388199951171875000e+03,9.158410156250000000e+03,1.299999952316284180e+00,4.815999984741210938e+01,5.197199707031250000e+02,2.388139892578125000e+03,8.226339843750000000e+03,8.519599914550781250e+00,2.999999932944774628e-02,3.950000000000000000e+02,2.388000000000000000e+03,1.000000000000000000e+02,3.840000152587890625e+01,2.308880043029785156e+01
3.620000000000000000e+02,6.999999750405550003e-04,0.000000000000000000e+00,1.000000000000000000e+02,5.186699829101562500e+02,6.437500000000000000e+02,1.598160034179687500e+03,1.428280029296875000e+03,1.461999988555908203e+01,2.161000061035156250e+01,5.515499877929687500e+02,2.388310058593750000e+03,9.054190429687500000e+03,1.299999952316284180e+00,4.802000045776367188e+01,5.191199951171875000e+02,2.388330078125000000e+03,8.124270019531250000e+03,8.512599945068359375e+00,2.999999932944774628e-02,3.970000000000000000e+02,2.388000000000000000e+03,1.000000000000000000e+02,3.841999816894531250e+01,2.297820091247558594e+01
1.370000000000000000e+02,1.399999950081110001e-03,0.000000000000000000e+00,1.000000000000000000e+02,5.186699829101562500e+02,6.433900146484375000e+02,1.602760009765625000e+03,1.434810058593750000e+03,1.461999988555908203e+01,2.161000061035156250e+01,5.516400146484375000e+02,2.388169921875000000e+03,9.106120117187500000e+03,1.299999952316284180e+00,4.815999984741210938e+01,5.195999755859375000e+02,2.388250000000000000e+03,8.173729980468750000e+03,8.531200408935546875e+00,2.999999932944774628e-02,3.960000000000000000e+02,2.388000000000000000e+03,1.000000000000000000e+02,3.849000167846679688e+01,2.313979911804199219e+01
2.080000000000000000e+02,1.200000056996941566e-03,1.999999949475750327e-04,1.000000000000000000e+02,5.186699829101562500e+02,6.435700073242187500e+02,1.599939941406250000e+03,1.437810058593750000e+03,1.461999988555908203e+01,2.161000061035156250e+01,5.514500122070312500e+02,2.388179931640625000e+03,9.153730468750000000e+03,1.299999952316284180e+00,4.802000045776367188e+01,5.200399780273437500e+02,2.388189941406250000e+03,8.225070312500000000e+03,8.519700050354003906e+00,2.999999932944774628e-02,3.970000000000000000e+02,2.388000000000000000e+03,1.000000000000000000e+02,3.825000000000000000e+01,2.299670028686523438e+01
2.130000000000000000e+02,6.999999750405550003e-04,-3.000000142492353916e-04,1.000000000000000000e+02,5.186699829101562500e+02,6.439099731445312500e+02,1.597719970703125000e+03,1.427839965820312500e+03,1.461999988555908203e+01,2.161000061035156250e+01,5.508900146484375000e+02,2.388320068359375000e+03,9.033070312500000000e+03,1.299999952316284180e+00,4.816999816894531250e+01,5.194799804687500000e+02,2.388360107421875000e+03,8.103270019531250000e+03,8.551899909973144531e+00,2.999999932944774628e-02,3.950000000000000000e+02,2.388000000000000000e+03,1.000000000000000000e+02,3.845999908447265625e+01,2.316489982604980469e+01
2.130000000000000000e+02,-1.399999950081110001e-03,1.999999949475750327e-04,1.000000000000000000e+02,5.186699829101562500e+02,6.435399780273437500e+02,1.599160034179687500e+03,1.428839965820312500e+03,1.461999988555908203e+01,2.161000061035156250e+01,5.516199951171875000e+02,2.388280029296875000e+03,9.041599609375000000e+03,1.299999952316284180e+00,4.811999893188476562e+01,5.197000122070312500e+02,2.388350097656250000e+03,8.114479980468750000e+03,8.543399810791015625e+00,2.999999932944774628e-02,3.960000000000000000e+02,2.388000000000000000e+03,1.000000000000000000e+02,3.854000091552734375e+01,2.302569961547851562e+01
1.660000000000000000e+02,1.099999994039535522e-03,3.000000142492353916e-04,1.000000000000000000e+02,5.186699829101562500e+02,6.432899780273437500e+02,1.604390014648437500e+03,1.431140014648437500e+03,1.461999988555908203e+01,2.161000061035156250e+01,5.503499755859375000e+02,2.388300048828125000e+03,9.056349609375000000e+03,1.299999952316284180e+00,4.806999969482421875e+01,5.195200195312500000e+02,2.388250000000000000e+03,8.123870117187500000e+03,8.530900001525878906e+00,2.999999932944774628e-02,3.980000000000000000e+02,2.388000000000000000e+03,1.000000000000000000e+02,3.836000061035156250e+01,2.299060058593750000e+01
2.290000000000000000e+02,3.000000142492353916e-04,9.999999747378751636e-05,1.000000000000000000e+02,5.186699829101562500e+02,6.437000122070312500e+02,1.600800048828125000e+03,1.433099975585937500e+03,1.461999988555908203e+01,2.161000061035156250e+01,5.520399780273437500e+02,2.388310058593750000e+03,9.026080078125000000e+03,1.299999952316284180e+00,4.822000122070312500e+01,5.195100097656250000e+02,2.388300048828125000e+03,8.104779785156250000e+03,8.509699821472167969e+00,2.999999932944774628e-02,3.950000000000000000e+02,2.388000000000000000e+03,1.000000000000000000e+02,3.856999969482421875e+01,2.303409957885742188e+01
2.100000000000000000e+02,-3.000000026077032089e-03,3.000000142492353916e-04,1.000000000000000000e+02,5.186699829101562500e+02,6.436699829101562500e+02,1.598609985351562500e+03,1.432069946289062500e+03,1.461999988555908203e+01,2.161000061035156250e+01,5.509400024414062500e+02,2.388270019531250000e+03,9.056849609375000000e+03,1.299999952316284180e+00,4.824000167846679688e+01,5.194099731445312500e+02,2.388280029296875000e+03,8.131330078125000000e+03,8.525300025939941406e+00,2.999999932944774628e-02,3.960000000000000000e+02,2.388000000000000000e+03,1.000000000000000000e+02,3.850000000000000000e+01,2.306710052490234375e+01
1.540000000000000000e+02,8.999999845400452614e-04,-3.999999898951500654e-04,1.000000000000000000e+02,5.186699829101562500e+02,6.434899902343750000e+02,1.601949951171875000e+03,1.423579956054687500e+03,1.461999988555908203e+01,2.161000061035156250e+01,5.518599853515625000e+02,2.388270019531250000e+03,9.074919921875000000e+03,1.299999952316284180e+00,4.808000183105468750e+01,5.193800048828125000e+02,2.388239990234375000e+03,8.148509765625000000e+03,8.510499954223632812e+00,2.999999932944774628e-02,3.990000000000000000e+02,2.388000000000000000e+03,1.000000000000000000e+02,3.829000091552734375e+01,2.301539993286132812e+01
2.310000000000000000e+02,-1.000000047497451305e-03,9.999999747378751636e-05,1.000000000000000000e+02,5.186699829101562500e+02,6.432299804687500000e+02,1.596599975585937500e+03,1.428329956054687500e+03,1.461999988555908203e+01,2.161000061035156250e+01,5.515999755859375000e+02,2.388239990234375000e+03,9.090129882812500000e+03,1.299999952316284180e+00,4.822000122070312500e+01,5.191099853515625000e+02,2.388209960937500000e+03,8.160799804687500000e+03,8.525400161743164062e+00,2.999999932944774628e-02,3.960000000000000000e+02,2.388000000000000000e+03,1.000000000000000000e+02,3.825000000000000000e+01,2.312599945068359375e+01
1.990000000000000000e+02,-2.300000051036477089e-03,-3.999999898951500654e-04,1.000000000000000000e+02,5.186699829101562500e+02,6.435700073242187500e+02,1.598349975585937500e+03,1.436930053710937500e+03,1.461999988555908203e+01,2.161000061035156250e+01,5.510000000000000000e+02,2.388260009765625000e+03,9.095969726562500000e+03,1.299999952316284180e+00,4.820000076293945312e+01,5.196199951171875000e+02,2.388209960937500000e+03,8.165299804687500000e+03,8.527299880981445312e+00,2.999999932944774628e-02,3.970000000000000000e+02,2.388000000000000000e+03,1.000000000000000000e+02,3.840000152587890625e+01,2.310759925842285156e+01
1.850000000000000000e+02,1.500000013038516045e-03,0.000000000000000000e+00,1.000000000000000000e+02,5.186699829101562500e+02,6.438800048828125000e+02,1.606380004882812500e+03,1.421410034179687500e+03,1.461999988555908203e+01,2.161000061035156250e+01,5.515499877929687500e+02,2.388219970703125000e+03,9.170570312500000000e+03,1.299999952316284180e+00,4.804999923706054688e+01,5.200000000000000000e+02,2.388179931640625000e+03,8.229730468750000000e+03,8.524999618530273438e+00,2.999999932944774628e-02,3.970000000000000000e+02,2.388000000000000000e+03,1.000000000000000000e+02,3.834999847412109375e+01,2.303230094909667969e+01
2.400000000000000000e+02,-2.600000007078051567e-03,-3.000000142492353916e-04,1.000000000000000000e+02,5.186699829101562500e+02,6.440100097656250000e+02,1.601010009765625000e+03,1.423609985351562500e+03,1.461999988555908203e+01,2.161000061035156250e+01,5.507500000000000000e+02,2.388280029296875000e+03,9.061240234375000000e+03,1.299999952316284180e+00,4.811999893188476562e+01,5.194799804687500000e+02,2.388219970703125000e+03,8.129609863281250000e+03,8.492199897766113281e+00,2.999999932944774628e-02,3.970000000000000000e+02,2.388000000000000000e+03,1.000000000000000000e+02,3.836999893188476562e+01,2.302890014648437500e+01
2.140000000000000000e+02,-1.300000003539025784e-03,3.000000142492353916e-04,1.000000000000000000e+02,5.186699829101562500e+02,6.437299804687500000e+02,1.601660034179687500e+03,1.427729980468750000e+03,1.461999988555908203e+01,2.161000061035156250e+01,5.515700073242187500e+02,2.388159912109375000e+03,9.215589843750000000e+03,1.299999952316284180e+00,4.829999923706054688e+01,5.200100097656250000e+02,2.388159912109375000e+03,8.267900390625000000e+03,8.522199630737304688e+00,2.999999932944774628e-02,3.990000000000000000e+02,2.388000000000000000e+03,1.000000000000000000e+02,3.856000137329101562e+01,2.302919960021972656e+01
2.930000000000000000e+02,-1.999999949475750327e-04,-5.000000237487256527e-04,1.000000000000000000e+02,5.186699829101562500e+02,6.437700195312500000e+02,1.605589965820312500e+03,1.430640014648437500e+03,1.461999988555908203e+01,2.161000061035156250e+01,5.516799926757812500e+02,2.388250000000000000e+03,9.045980468750000000e+03,1.299999952316284180e+00,4.820999908447265625e+01,5.194500122070312500e+02,2.388310058593750000e+03,8.115279785156250000e+03,8.512299537658691406e+00,2.999999932944774628e-02,3.970000000000000000e+02,2.388000000000000000e+03,1.000000000000000000e+02,3.841999816894531250e+01,2.299259948730468750e+01
2.670000000000000000e+02,-2.300000051036477089e-03,9.999999747378751636e-05,1.000000000000000000e+02,5.186699829101562500e+02,6.436799926757812500e+02,1.606079956054687500e+03,1.430130004882812500e+03,1.461999988555908203e+01,2.161000061035156250e+01,5.506400146484375000e+02,2.388250000000000000e+03,9.079240234375000000e+03,1.299999952316284180e+00,4.816999816894531250e+01,5.197700195312500000e+02,2.388229980468750000e+03,8.149660156250000000e+03,8.536700248718261719e+00,2.999999932944774628e-02,3.960000000000000000e+02,2.388000000000000000e+03,1.000000000000000000e+02,3.849000167846679688e+01,2.310180091857910156e+01
1.880000000000000000e+02,-1.399999950081110001e-03,0.000000000000000000e+00,1.000000000000000000e+02,5.186699829101562500e+02,6.436400146484375000e+02,1.603099975585937500e+03,1.434880004882812500e+03,1.461999988555908203e+01,2.161000061035156250e+01,5.512299804687500000e+02,2.388280029296875000e+03,9.050969726562500000e+03,1.299999952316284180e+00,4.816999816894531250e+01,5.196099853515625000e+02,2.388300048828125000e+03,8.124140136718750000e+03,8.497699737548828125e+00,2.999999932944774628e-02,3.960000000000000000e+02,2.388000000000000000e+03,1.000000000000000000e+02,3.861000061035156250e+01,2.297520065307617188e+01
2.780000000000000000e+02,-1.999999949475750327e-04,-5.000000237487256527e-04,1.000000000000000000e+02,5.186699829101562500e+02,6.431500244140625000e+02,1.600160034179687500e+03,1.425469970703125000e+03,1.461999988555908203e+01,2.161000061035156250e+01,5.516199951171875000e+02,2.388229980468750000e+03,9.078730468750000000e+03,1.299999952316284180e+00,4.815999984741210938e+01,5.196300048828125000e+02,2.388219970703125000e+03,8.151890136718750000e+03,8.491900444030761719e+00,2.999999932944774628e-02,3.980000000000000000e+02,2.388000000000000000e+03,1.000000000000000000e+02,3.850999832153320312e+01,2.299469947814941406e+01
1.780000000000000000e+02,1.000000047497451305e-03,9.999999747378751636e-05,1.000000000000000000e+02,5.186699829101562500e+02,6.434400024414062500e+02,1.597689941406250000e+03,1.433250000000000000e+03,1.461999988555908203e+01,2.161000061035156250e+01,5.512399902343750000e+02,2.388320068359375000e+03,9.050620117187500000e+03,1.299999952316284180e+00,4.811000061035156250e+01,5.197899780273437500e+02,2.388310058593750000e+03,8.121080078125000000e+03,8.508199691772460938e+00,2.999999932944774628e-02,3.970000000000000000e+02,2.388000000000000000e+03,1.000000000000000000e+02,3.861000061035156250e+01,2.307399940490722656e+01
2.130000000000000000e+02,-1.900000032037496567e-03,3.000000142492353916e-04,1.000000000000000000e+02,5.186699829101562500e+02,6.436500244140625000e+02,1.602859985351562500e+03,1.431920043945312500e+03,1.461999988555908203e+01,2.161000061035156250e+01,5.517600097656250000e+02,2.388129882812500000e+03,9.149799804687500000e+03,1.299999952316284180e+00,4.840000152587890625e+01,5.199500122070312500e+02,2.388189941406250000e+03,8.212509765625000000e+03,8.506699562072753906e+00,2.999999932944774628e-02,3.970000000000000000e+02,2.388000000000000000e+03,1.000000000000000000e+02,3.845000076293945312e+01,2.298290061950683594e+01
2.170000000000000000e+02,6.000000052154064178e-03,-1.999999949475750327e-04,1.000000000000000000e+02,5.186699829101562500e+02,6.431799926757812500e+02,1.603609985351562500e+03,1.431319946289062500e+03,1.461999988555908203e+01,2.161000061035156250e+01,5.510300292968750000e+02,2.388169921875000000e+03,9.081820312500000000e+03,1.299999952316284180e+00,4.838999938964843750e+01,5.198599853515625000e+02,2.388219970703125000e+03,8.154799804687500000e+03,8.493599891662597656e+00,2.999999932944774628e-02,3.970000000000000000e+02,2.388000000000000000e+03,1.000000000000000000e+02,3.818999862670898438e+01,2.309000015258789062e+01
1.540000000000000000e+02,-1.000000047497451305e-03,-1.999999949475750327e-04,1.000000000000000000e+02,5.186699829101562500e+02,6.435999755859375000e+02,1.598790039062500000e+03,1.434020019531250000e+03,1.461999988555908203e+01,2.161000061035156250e+01,5.507700195312500000e+02,2.388320068359375000e+03,9.032339843750000000e+03,1.299999952316284180e+00,4.840000152587890625e+01,5.193099975585937500e+02,2.388340087890625000e+03,8.110859863281250000e+03,8.563699722290039062e+00,2.999999932944774628e-02,3.950000000000000000e+02,2.388000000000000000e+03,1.000000000000000000e+02,3.843999862670898438e+01,2.307270050048828125e+01
1.350000000000000000e+02,1.599999959580600262e-03,-9.999999747378751636e-05,1.000000000000000000e+02,5.186699829101562500e+02,6.440399780273437500e+02,1.607229980468750000e+03,1.432290039062500000e+03,1.461999988555908203e+01,2.161000061035156250e+01,5.506900024414062500e+02,2.388270019531250000e+03,9.047269531250000000e+03,1.299999952316284180e+00,4.831000137329101562e+01,5.190599975585937500e+02,2.388260009765625000e+03,8.115439941406250000e+03,8.522800445556640625e+00,2.999999932944774628e-02,3.960000000000000000e+02,2.388000000000000000e+03,1.000000000000000000e+02,3.852999877929687500e+01,2.309020042419433594e+01
3.410000000000000000e+02,0.000000000000000000e+00,-3.999999898951500654e-04,1.000000000000000000e+02,5.186699829101562500e+02,6.440399780273437500e+02,1.607050048828125000e+03,1.428060058593750000e+03,1.461999988555908203e+01,2.161000061035156250e+01,5.513400268554687500e+02,2.388229980468750000e+03,9.143559570312500000e+03,1.299999952316284180e+00,4.800999832153320312e+01,5.198300170898437500e+02,2.388149902343750000e+03,8.201660156250000000e+03,8.540300369262695312e+00,2.999999932944774628e-02,3.970000000000000000e+02,2.388000000000000000e+03,1.000000000000000000e+02,3.825999832153320312e+01,2.307189941406250000e+01
1.550000000000000000e+02,4.699999932199716568e-03,3.000000142492353916e-04,1.000000000000000000e+02,5.186699829101562500e+02,6.434500122070312500e+02,1.603619995117187500e+03,1.428640014648437500e+03,1.461999988555908203e+01,2.161000061035156250e+01,5.507500000000000000e+02,2.388209960937500000e+03,9.068929687500000000e+03,1.299999952316284180e+00,4.820000076293945312e+01,5.193499755859375000e+02,2.388260009765625000e+03,8.137000000000000000e+03,8.487999916076660156e+00,2.999999932944774628e-02,3.960000000000000000e+02,2.388000000000000000e+03,1.000000000000000000e+02,3.843999862670898438e+01,2.311790084838867188e+01
2.580000000000000000e+02,3.000000026077032089e-03,3.999999898951500654e-04,1.000000000000000000e+02,5.186699829101562500e+02,6.440700073242187500e+02,1.600689941406250000e+03,1.425250000000000000e+03,1.461999988555908203e+01,2.161000061035156250e+01,5.512700195312500000e+02,2.388149902343750000e+03,9.153459960937500000e+03,1.299999952316284180e+00,4.825999832153320312e+01,5.197399902343750000e+02,2.388189941406250000e+03,8.217940429687500000e+03,8.533499717712402344e+00,2.999999932944774628e-02,3.960000000000000000e+02,2.388000000000000000e+03,1.000000000000000000e+02,3.829999923706054688e+01,2.298620033264160156e+01
2.830000000000000000e+02,1.900000032037496567e-03,3.000000142492353916e-04,1.000000000000000000e+02,5.186699829101562500e+02,6.434299926757812500e+02,1.609160034179687500e+03,1.430969970703125000e+03,1.461999988555908203e+01,2.161000061035156250e+01,5.514799804687500000e+02,2.388209960937500000e+03,9.120459960937500000e+03,1.299999952316284180e+00,4.815999984741210938e+01,5.192700195312500000e+02,2.388199951171875000e+03,8.183580078125000000e+03,8.564800262451171875e+00,2.999999932944774628e-02,3.960000000000000000e+02,2.388000000000000000e+03,1.000000000000000000e+02,3.836999893188476562e+01,2.310409927368164062e+01
3.360000000000000000e+02,-3.100000089034438133e-03,-5.000000237487256527e-04,1.000000000000000000e+02,5.186699829101562500e+02,6.437399902343750000e+02,1.599199951171875000e+03,1.432119995117187500e+03,1.461999988555908203e+01,2.161000061035156250e+01,5.507800292968750000e+02,2.388280029296875000e+03,9.075639648437500000e+03,1.299999952316284180e+00,4.816999816894531250e+01,5.191799926757812500e+02,2.388239990234375000e+03,8.144029785156250000e+03,8.502200126647949219e+00,2.999999932944774628e-02,3.970000000000000000e+02,2.388000000000000000e+03,1.000000000000000000e+02,3.836000061035156250e+01,2.302580070495605469e+01
2.020000000000000000e+02,1.399999950081110001e-03,9.999999747378751636e-05,1.000000000000000000e+02,5.186699829101562500e+02,6.437899780273437500e+02,1.610660034179687500e+03,1.427410034179687500e+03,1.461999988555908203e+01,2.161000061035156250e+01,5.515499877929687500e+02,2.388149902343750000e+03,9.208019531250000000e+03,1.299999952316284180e+00,4.793999862670898438e+01,5.199099731445312500e+02,2.388149902343750000e+03,8.263629882812500000e+03,8.527700424194335938e+00,2.999999932944774628e-02,3.970000000000000000e+02,2.388000000000000000e+03,1.000000000000000000e+02,3.829000091552734375e+01,2.311840057373046875e+01
1.560000000000000000e+02,7.699999958276748657e-03,-3.000000142492353916e-04,1.000000000000000000e+02,5.186699829101562500e+02,6.430200195312500000e+02,1.603770019531250000e+03,1.432160034179687500e+03,1.461999988555908203e+01,2.161000061035156250e+01,5.515200195312500000e+02,2.388239990234375000e+03,9.058540039062500000e+03,1.299999952316284180e+00,4.829000091552734375e+01,5.195499877929687500e+02,2.388260009765625000e+03,8.122220214843750000e+03,8.530799865722656250e+00,2.999999932944774628e-02,3.960000000000000000e+02,2.388000000000000000e+03,1.000000000000000000e+02,3.833000183105468750e+01,2.311370086669921875e+01
1.850000000000000000e+02,-1.900000032037496567e-03,-3.999999898951500654e-04,1.000000000000000000e+02,5.186699829101562500e+02,6.439299926757812500e+02,1.598420043945312500e+03,1.421560058593750000e+03,1.461999988555908203e+01,2.161000061035156250e+01,5.506400146484375000e+02,2.388290039062500000e+03,9.050610351562500000e+03,1.299999952316284180e+00,4.829000091552734375e+01,5.199899902343750000e+02,2.388239990234375000e+03,8.127529785156250000e+03,8.542499542236328125e+00,2.999999932944774628e-02,3.970000000000000000e+02,2.388000000000000000e+03,1.000000000000000000e+02,3.849000167846679688e+01,2.319309997558593750e+01
2.000000000000000000e+02,-3.199999919161200523e-03,-5.000000237487256527e-04,1.000000000000000000e+02,5.186699829101562500e+02,6.438499755859375000e+02,1.600380004882812500e+03,1.432140014648437500e+03,1.461999988555908203e+01,2.161000061035156250e+01,5.507899780273437500e+02,2.388260009765625000e+03,9.061480468750000000e+03,1.299999952316284180e+00,4.820000076293945312e+01,5.192999877929687500e+02,2.388260009765625000e+03,8.137330078125000000e+03,8.503600120544433594e+00,2.999999932944774628e-02,3.960000000000000000e+02,2.388000000000000000e+03,1.000000000000000000e+02,3.836999893188476562e+01,2.305220031738281250e+01
